

{
  "Agent": {
    "pose": [
      [
        -1.5007020235061646,
        0.9009991884231567,
        -0.5021112561225891
      ],
      [
        0.0,
        269.91937255859375,
        0.0
      ]
    ],
    "camera_pose": 30,
    "state": "clear",
    "contains": []
  },
  "Fridge|-02.48|+00.00|-00.78": {
    "pose": [
      [
        -1.5007020235061646,
        0.9009991884231567,
        -0.5021112561225891
      ],
      [
        0.0,
        269.91937255859375,
        0.0
      ]
    ],
    "camera_pose": 30,
    "state": "Closed",
    "contains": []
    
  },
  "Sink|+01.38|+00.81|-01.27": {
    "state": "clear",
    "pose": [
      [
        0.8856874108314514,
        0.9009991884231567,
        -0.8327289819717407
      ],
      [
        -0.0,
        119.91938018798828,
        -0.0
      ]
    ],
    "camera_pose": 30,
    "contains": []
  },
  "CounterTop|-01.49|+00.95|+01.32": {
    "state": "clear",
    "pose": [
      [
        -1.9029698371887207,
        0.9009991884231567,
        1.3097600936889648
      ],
      [
        0.0,
        269.91937255859375,
        0.0
      ]
    ],
    "camera_pose": 30,
    "contains": []
  },
  "Microwave|-02.58|+00.90|+02.44": {
    "pose": [
      [
        -1.8,
        0.9009991884231567,
        2.29
      ],
      [
        0.0,
        269.91937255859375,
        0.0
      ]
    ],
    "camera_pose": 30,
    "state": "Open",
    "contains": []
  }
}